<?xml version="1.0" encoding="UTF-8"?>
<configurationDescriptor version="62">
  <logicalFolder name="root" displayName="root" projectFiles="true">
    <logicalFolder name="HeaderFiles"
                   displayName="Header Files"
                   projectFiles="true">
      <logicalFolder name="usb" displayName="usb" projectFiles="true">
        <itemPath>/FSchlunder/pic18f_starter_kit_1/demos/customer_submissions/contest_1/RTCC/firmware/usb.h</itemPath>
        <itemPath>/FSchlunder/pic18f_starter_kit_1/demos/customer_submissions/contest_1/RTCC/firmware/usb_ch9.h</itemPath>
        <itemPath>/FSchlunder/pic18f_starter_kit_1/demos/customer_submissions/contest_1/RTCC/firmware/usb_common.h</itemPath>
        <itemPath>/FSchlunder/pic18f_starter_kit_1/demos/customer_submissions/contest_1/RTCC/firmware/usb_device.h</itemPath>
        <itemPath>/FSchlunder/pic18f_starter_kit_1/demos/customer_submissions/contest_1/RTCC/firmware/usb_device_local.h</itemPath>
        <itemPath>/FSchlunder/pic18f_starter_kit_1/demos/customer_submissions/contest_1/RTCC/firmware/usb_function_cdc.h</itemPath>
        <itemPath>/FSchlunder/pic18f_starter_kit_1/demos/customer_submissions/contest_1/RTCC/firmware/usb_hal.h</itemPath>
        <itemPath>/FSchlunder/pic18f_starter_kit_1/demos/customer_submissions/contest_1/RTCC/firmware/usb_hal_pic18.h</itemPath>
      </logicalFolder>
      <itemPath>HardwareProfile.h</itemPath>
      <itemPath>HardwareProfile - PIC18F Starter Kit.h</itemPath>
      <itemPath>/FSchlunder/pic18f_starter_kit_1/demos/customer_submissions/contest_1/RTCC/firmware/oled.h</itemPath>
      <itemPath>/FSchlunder/pic18f_starter_kit_1/demos/customer_submissions/contest_1/RTCC/firmware/GenericTypeDefs.h</itemPath>
      <itemPath>/FSchlunder/pic18f_starter_kit_1/demos/customer_submissions/contest_1/RTCC/firmware/soft_start.h</itemPath>
      <itemPath>/FSchlunder/pic18f_starter_kit_1/demos/customer_submissions/contest_1/RTCC/firmware/mtouch.h</itemPath>
      <itemPath>/FSchlunder/pic18f_starter_kit_1/demos/customer_submissions/contest_1/RTCC/firmware/Compiler.h</itemPath>
      <itemPath>usb_config.h</itemPath>
    </logicalFolder>
    <logicalFolder name="LinkerScript"
                   displayName="Linker Files"
                   projectFiles="true">
      <itemPath>rm18f46j50_g.lkr</itemPath>
    </logicalFolder>
    <logicalFolder name="SourceFiles"
                   displayName="Source Files"
                   projectFiles="true">
      <logicalFolder name="usb" displayName="usb" projectFiles="true">
        <itemPath>usb_device.c</itemPath>
        <itemPath>usb_function_cdc.c</itemPath>
      </logicalFolder>
      <itemPath>main.c</itemPath>
      <itemPath>usb_descriptors.c</itemPath>
      <itemPath>soft_start.c</itemPath>
      <itemPath>mtouch.c</itemPath>
      <itemPath>oled.c</itemPath>
    </logicalFolder>
    <logicalFolder name="ExternalFiles"
                   displayName="Important Files"
                   projectFiles="false">
      <itemPath>Makefile</itemPath>
    </logicalFolder>
  </logicalFolder>
  <sourceRootList>
    <Elem>.</Elem>
  </sourceRootList>
  <projectmakefile>Makefile</projectmakefile>
  <confs>
    <conf name="default" type="2">
      <toolsSet>
        <developmentServer>localhost</developmentServer>
        <targetDevice>PIC18F46J50</targetDevice>
        <targetHeader></targetHeader>
        <targetPluginBoard></targetPluginBoard>
        <platformTool>SKDEPIC18FJPlatformTool</platformTool>
        <languageToolchain>C18</languageToolchain>
        <languageToolchainVersion>3.46</languageToolchainVersion>
        <platform>3</platform>
      </toolsSet>
      <compileType>
        <linkerTool>
          <linkerLibItems>
          </linkerLibItems>
        </linkerTool>
        <loading>
          <useAlternateLoadableFile>false</useAlternateLoadableFile>
          <parseOnProdLoad>false</parseOnProdLoad>
          <alternateLoadableFile></alternateLoadableFile>
        </loading>
      </compileType>
      <makeCustomizationType>
        <makeCustomizationPreStepEnabled>false</makeCustomizationPreStepEnabled>
        <makeCustomizationPreStep></makeCustomizationPreStep>
        <makeCustomizationPostStepEnabled>false</makeCustomizationPostStepEnabled>
        <makeCustomizationPostStep></makeCustomizationPostStep>
        <makeCustomizationPutChecksumInUserID>false</makeCustomizationPutChecksumInUserID>
        <makeCustomizationEnableLongLines>false</makeCustomizationEnableLongLines>
        <makeCustomizationNormalizeHexFile>false</makeCustomizationNormalizeHexFile>
      </makeCustomizationType>
      <C18>
        <property key="code-model" value="mS"/>
        <property key="data-model" value="Oa-"/>
        <property key="default-char-unsigned" value="false"/>
        <property key="enable-all-optimizations" value="true"/>
        <property key="enable-int-promotion" value="false"/>
        <property key="enable-multi-bank-stack-model" value="false"/>
        <property key="enable-ob" value="true"/>
        <property key="enable-od" value="true"/>
        <property key="enable-om" value="true"/>
        <property key="enable-on" value="true"/>
        <property key="enable-op" value="true"/>
        <property key="enable-opa" value="true"/>
        <property key="enable-or" value="true"/>
        <property key="enable-os" value="true"/>
        <property key="enable-ot" value="true"/>
        <property key="enable-ou" value="true"/>
        <property key="enable-ow" value="true"/>
        <property key="extra-include-directories"
                  value=".;../../../../../../Microchip/Include/Usb;../../../../../../Microchip/Include;../../../../../../../MCC18/h;.;"/>
        <property key="optimization-master" value="Enable all"/>
        <property key="preprocessor-macros" value=""/>
        <property key="procedural-abstraction-passes" value="4"/>
        <property key="storage-class" value="sca"/>
        <property key="verbose" value="false"/>
        <property key="warning-level" value="2"/>
      </C18>
      <C18-AS>
        <property key="cross.reference.file" value=""/>
        <property key="default.radix" value="HEX"/>
        <property key="enable.case.sensitivity" value="true"/>
        <property key="hex.output.format" value="INHX32"/>
        <property key="preprocessor.macros" value=""/>
        <property key="warning.level" value="0"/>
      </C18-AS>
      <C18-LD>
        <property key="cod-file" value="true"/>
        <property key="extra-lib-directories" value="../../../../../../../MCC18/lib;;."/>
        <property key="hex-output-format" value="INHX32"/>
        <property key="map-file" value="&quot;$(BINDIR_)$(TARGETBASE).map&quot;"/>
      </C18-LD>
      <C18LanguageToolchain>
        <property key="extended-mode" value="false"/>
        <property key="extended-mode-mcc18" value="false"/>
        <property key="extended-mode-mpasm" value="false"/>
        <property key="extended-mode-mplink" value="false"/>
        <property key="stack-analysis" value="false"/>
        <property key="stack-analysis-mcc18" value="false"/>
        <property key="stack-analysis-mplink" value="false"/>
      </C18LanguageToolchain>
      <SKDEPIC18FJPlatformTool>
        <property key="tracecontrol.disablemacros" value="true"/>
        <property key="tracecontrol.medium" value="0"/>
        <property key="tracecontrol.select" value="0"/>
      </SKDEPIC18FJPlatformTool>
    </conf>
  </confs>
</configurationDescriptor>
